{
  "NumberOfTurns": 20,
  "TotalRuns": 100000,
  "TotalCardsDrawn": 3132032,
  "TotalFlushOutDrawn": 266016,
  "TotalThrillOfPossibilityDrawn": 0,
  "TotalPearledUnicornDrawn": 0,
  "RunsWithAtLeastOneFlushOut": 90459,
  "RunsWithAtLeastOneThrillOfPossibility": 0,
  "RunsWithAtLeastOnePearledUnicorn": 0,
  "AverageCardDrawn": 31.32032,
  "AverageFlushOutDrawn": 2.66016,
  "AverageThrillOfPossibilityDrawn": 0,
  "AveragePearledUnicornDrawn": 0,
  "ChanceAtLeastOneFlushOut": 90.459,
  "ChanceAtLeastOneThrillOfPossibilityDrawn": 0,
  "ChanceAtLeastOnePearledUnicornDrawn": 0,
  "AvgCumulativeCardDrawnPerTurn": [
    7,
    8.889,
    10.27014,
    11.54,
    12.73128,
    13.92532,
    15.1241,
    16.3266,
    17.5304,
    18.74428,
    19.96108,
    21.18518,
    22.42008,
    23.66028,
    24.91314,
    26.17292,
    27.44294,
    28.72564,
    30.01966,
    31.32032
  ],
  "AvgCumulativeFlushOutDrawnPerTurn": [
    0.46583,
    0.58014,
    0.67729,
    0.77319,
    0.86717,
    0.963,
    1.06222,
    1.16331,
    1.26526,
    1.37214,
    1.48055,
    1.59259,
    1.71004,
    1.83014,
    1.95657,
    2.08646,
    2.22147,
    2.36282,
    2.50983,
    2.66016
  ],
  "AvgCumulativeThrillOfPossibilityDrawnPerTurn": [
    0,
    0,
    0,
    0,
    0,
    0,
    0,
    0,
    0,
    0,
    0,
    0,
    0,
    0,
    0,
    0,
    0,
    0,
    0,
    0
  ],
  "AvgCumulativePearledUnicornDrawnPerTurn": [
    0,
    0,
    0,
    0,
    0,
    0,
    0,
    0,
    0,
    0,
    0,
    0,
    0,
    0,
    0,
    0,
    0,
    0,
    0,
    0
  ]
}