{
  "NumberOfTurns": 20,
  "TotalRuns": 100000,
  "TotalCardsDrawn": 2983460,
  "TotalFlushOutDrawn": 0,
  "TotalThrillOfPossibilityDrawn": 191730,
  "TotalPearledUnicornDrawn": 0,
  "RunsWithAtLeastOneFlushOut": 0,
  "RunsWithAtLeastOneThrillOfPossibility": 90434,
  "RunsWithAtLeastOnePearledUnicorn": 0,
  "AverageCardDrawn": 29.8346,
  "AverageFlushOutDrawn": 0,
  "AverageThrillOfPossibilityDrawn": 1.9173,
  "AveragePearledUnicornDrawn": 0,
  "ChanceAtLeastOneFlushOut": 0,
  "ChanceAtLeastOneThrillOfPossibilityDrawn": 90.434,
  "ChanceAtLeastOnePearledUnicornDrawn": 0,
  "AvgCumulativeCardDrawnPerTurn": [
    7,
    8.88704,
    10.25628,
    11.46888,
    12.61652,
    13.76492,
    14.9121,
    16.05922,
    17.20344,
    18.35234,
    19.50094,
    20.6508,
    21.79684,
    22.94268,
    24.0906,
    25.23966,
    26.38606,
    27.53496,
    28.6833,
    29.8346
  ],
  "AvgCumulativeFlushOutDrawnPerTurn": [
    0,
    0,
    0,
    0,
    0,
    0,
    0,
    0,
    0,
    0,
    0,
    0,
    0,
    0,
    0,
    0,
    0,
    0,
    0,
    0
  ],
  "AvgCumulativeThrillOfPossibilityDrawnPerTurn": [
    0.46361,
    0.5781,
    0.66004,
    0.73507,
    0.80874,
    0.88246,
    0.95606,
    1.02961,
    1.10172,
    1.17617,
    1.25047,
    1.3254,
    1.39842,
    1.47134,
    1.5453,
    1.61983,
    1.69303,
    1.76748,
    1.84165,
    1.9173
  ],
  "AvgCumulativePearledUnicornDrawnPerTurn": [
    0,
    0,
    0,
    0,
    0,
    0,
    0,
    0,
    0,
    0,
    0,
    0,
    0,
    0,
    0,
    0,
    0,
    0,
    0,
    0
  ]
}